<Backups xmlns="http://www.microsoft.com/GroupPolicy/GPOOperations/Manifest" xmlns:mfst="http://www.microsoft.com/GroupPolicy/GPOOperations/Manifest" mfst:version="1.0"><BackupInst><GPOGuid><![CDATA[{0DF2FCC0-9342-4648-806D-73D7D5CA7F97}]]></GPOGuid><GPODomain><![CDATA[AFECMO.mil]]></GPODomain><GPODomainGuid><![CDATA[{eab3a5b0-794f-4538-9755-bd81bc60edc0}]]></GPODomainGuid><GPODomainController><![CDATA[DC-LAB-01.AFECMO.mil]]></GPODomainController><BackupTime><![CDATA[2018-04-17T15:50:53]]></BackupTime><ID><![CDATA[{8E21F1B9-DEAA-4661-BBBF-B76AC939C745}]]></ID><Comment><![CDATA[]]></Comment><GPODisplayName><![CDATA[LGPO -- Optional -- DefaultCredentialProvider (Smartcard)]]></GPODisplayName></BackupInst></Backups>