<Backups xmlns="http://www.microsoft.com/GroupPolicy/GPOOperations/Manifest" xmlns:mfst="http://www.microsoft.com/GroupPolicy/GPOOperations/Manifest" mfst:version="1.0"><BackupInst><GPOGuid><![CDATA[{26E0986D-C9F7-4968-B252-7BCB83F70245}]]></GPOGuid><GPODomain><![CDATA[AFECMO.mil]]></GPODomain><GPODomainGuid><![CDATA[{eab3a5b0-794f-4538-9755-bd81bc60edc0}]]></GPODomainGuid><GPODomainController><![CDATA[DC-LAB-01.AFECMO.mil]]></GPODomainController><BackupTime><![CDATA[2018-04-17T16:33:08]]></BackupTime><ID><![CDATA[{ACD4CBBC-B1E1-418B-B4FF-AA5358A9CFE5}]]></ID><Comment><![CDATA[]]></Comment><GPODisplayName><![CDATA[LGPO -- Optional -- Trusted Sites (.mil)]]></GPODisplayName></BackupInst></Backups>