<BackupInst xmlns="http://www.microsoft.com/GroupPolicy/GPOOperations/Manifest"><GPOGuid><![CDATA[{A39A45A5-FF05-4BE0-8739-0750860A8856}]]></GPOGuid><GPODomain><![CDATA[AFECMO.mil]]></GPODomain><GPODomainGuid><![CDATA[{eab3a5b0-794f-4538-9755-bd81bc60edc0}]]></GPODomainGuid><GPODomainController><![CDATA[DC-LAB-01.AFECMO.mil]]></GPODomainController><BackupTime><![CDATA[2018-04-26T19:16:17]]></BackupTime><ID><![CDATA[{3D0449A2-F081-4CC5-BA0A-16BE525CA896}]]></ID><Comment><![CDATA[]]></Comment><GPODisplayName><![CDATA[LGPO -- Build -- Post STIG -- AppLocker (Audit Only) - NSA]]></GPODisplayName></BackupInst>
