<BackupInst xmlns="http://www.microsoft.com/GroupPolicy/GPOOperations/Manifest"><GPOGuid><![CDATA[{A598BF51-7455-4086-BC2A-DFF06E7FD2A5}]]></GPOGuid><GPODomain><![CDATA[testing.com]]></GPODomain><GPODomainGuid><![CDATA[{89030bbe-24f1-476f-8561-5998cda70227}]]></GPODomainGuid><GPODomainController><![CDATA[WIN-LHK4PMPKNO4.testing.com]]></GPODomainController><BackupTime><![CDATA[2022-10-09T22:41:29]]></BackupTime><ID><![CDATA[{0909B17C-791C-46C9-A816-F2BE7C1751D7}]]></ID><Comment><![CDATA[]]></Comment><GPODisplayName><![CDATA[Local Policy DoD Windows 11 User STIG v1r2]]></GPODisplayName></BackupInst>
