<Backups xmlns="http://www.microsoft.com/GroupPolicy/GPOOperations/Manifest" xmlns:mfst="http://www.microsoft.com/GroupPolicy/GPOOperations/Manifest" mfst:version="1.0"><BackupInst><GPOGuid><![CDATA[{C58E03D0-85DC-4FB2-95DF-026CE7F6441D}]]></GPOGuid><GPODomain><![CDATA[security.local]]></GPODomain><GPODomainGuid><![CDATA[{2b127034-e676-4f54-b03a-e700e3004cb0}]]></GPODomainGuid><GPODomainController><![CDATA[GPOSrv2016.security.local]]></GPODomainController><BackupTime><![CDATA[2022-03-28T18:30:05]]></BackupTime><ID><![CDATA[{4645D4F4-6E37-4C02-844F-76A5E691B91C}]]></ID><Comment><![CDATA[]]></Comment><GPODisplayName><![CDATA[DoD Word 2016 STIG User v1r1]]></GPODisplayName></BackupInst><BackupInst><GPOGuid><![CDATA[{2A8F54DE-05C3-4F4B-A9A4-985C132CBF21}]]></GPOGuid><GPODomain><![CDATA[security.local]]></GPODomain><GPODomainGuid><![CDATA[{2b127034-e676-4f54-b03a-e700e3004cb0}]]></GPODomainGuid><GPODomainController><![CDATA[GPOSrv2016.security.local]]></GPODomainController><BackupTime><![CDATA[2022-03-28T18:30:04]]></BackupTime><ID><![CDATA[{CD1CCDF0-6FE7-4EED-9A70-756E0BAF527D}]]></ID><Comment><![CDATA[]]></Comment><GPODisplayName><![CDATA[DoD Visio 2016 STIG User v1r1]]></GPODisplayName></BackupInst><BackupInst><GPOGuid><![CDATA[{DC71D6EF-EC99-46F9-BDCC-A77AFFF1D1C1}]]></GPOGuid><GPODomain><![CDATA[security.local]]></GPODomain><GPODomainGuid><![CDATA[{2b127034-e676-4f54-b03a-e700e3004cb0}]]></GPODomainGuid><GPODomainController><![CDATA[GPOSrv2016.security.local]]></GPODomainController><BackupTime><![CDATA[2022-03-28T18:30:04]]></BackupTime><ID><![CDATA[{B90C76FE-C4F5-4400-A379-AF507D5BEDF0}]]></ID><Comment><![CDATA[]]></Comment><GPODisplayName><![CDATA[DoD Skype for Business 2016 STIG Computer v1r1]]></GPODisplayName></BackupInst><BackupInst><GPOGuid><![CDATA[{ECFE51DA-01D1-4434-A0CF-975F3546A110}]]></GPOGuid><GPODomain><![CDATA[security.local]]></GPODomain><GPODomainGuid><![CDATA[{2b127034-e676-4f54-b03a-e700e3004cb0}]]></GPODomainGuid><GPODomainController><![CDATA[GPOSrv2016.security.local]]></GPODomainController><BackupTime><![CDATA[2022-03-28T18:30:03]]></BackupTime><ID><![CDATA[{3A1012A6-9E30-4024-8FD0-7BE7B294F8C9}]]></ID><Comment><![CDATA[]]></Comment><GPODisplayName><![CDATA[DoD Publisher 2016 STIG User v1r3]]></GPODisplayName></BackupInst><BackupInst><GPOGuid><![CDATA[{7BBD0F1A-396F-4034-875E-41E9D6E7E990}]]></GPOGuid><GPODomain><![CDATA[security.local]]></GPODomain><GPODomainGuid><![CDATA[{2b127034-e676-4f54-b03a-e700e3004cb0}]]></GPODomainGuid><GPODomainController><![CDATA[GPOSrv2016.security.local]]></GPODomainController><BackupTime><![CDATA[2022-03-28T18:30:03]]></BackupTime><ID><![CDATA[{79460524-81B9-4D60-A883-15806FCF0897}]]></ID><Comment><![CDATA[]]></Comment><GPODisplayName><![CDATA[DoD Project 2016 STIG User v1r1]]></GPODisplayName></BackupInst><BackupInst><GPOGuid><![CDATA[{1FB6FD09-7BD0-420D-8769-DDD861434DD2}]]></GPOGuid><GPODomain><![CDATA[security.local]]></GPODomain><GPODomainGuid><![CDATA[{2b127034-e676-4f54-b03a-e700e3004cb0}]]></GPODomainGuid><GPODomainController><![CDATA[GPOSrv2016.security.local]]></GPODomainController><BackupTime><![CDATA[2022-03-28T18:30:02]]></BackupTime><ID><![CDATA[{810A0914-DEC4-4A74-9E4E-1067E6C1F31E}]]></ID><Comment><![CDATA[]]></Comment><GPODisplayName><![CDATA[DoD PowerPoint 2016 STIG User v1r1]]></GPODisplayName></BackupInst><BackupInst><GPOGuid><![CDATA[{C4BEAF29-E2D7-4B90-AF5A-9755A1CAA222}]]></GPOGuid><GPODomain><![CDATA[security.local]]></GPODomain><GPODomainGuid><![CDATA[{2b127034-e676-4f54-b03a-e700e3004cb0}]]></GPODomainGuid><GPODomainController><![CDATA[GPOSrv2016.security.local]]></GPODomainController><BackupTime><![CDATA[2022-03-28T18:30:02]]></BackupTime><ID><![CDATA[{1666FAB5-93C3-4FE8-B51C-933909BAEBAA}]]></ID><Comment><![CDATA[]]></Comment><GPODisplayName><![CDATA[DoD Outlook 2016 STIG User v2r3]]></GPODisplayName></BackupInst><BackupInst><GPOGuid><![CDATA[{8FBBB3F0-744A-49CB-B793-649413AF3A18}]]></GPOGuid><GPODomain><![CDATA[security.local]]></GPODomain><GPODomainGuid><![CDATA[{2b127034-e676-4f54-b03a-e700e3004cb0}]]></GPODomainGuid><GPODomainController><![CDATA[GPOSrv2016.security.local]]></GPODomainController><BackupTime><![CDATA[2022-03-28T18:30:01]]></BackupTime><ID><![CDATA[{FB6AABBE-2AA2-4878-9958-1EDDCC9C6FAD}]]></ID><Comment><![CDATA[]]></Comment><GPODisplayName><![CDATA[DoD OneDrive for Business 2016 STIG User v2r2]]></GPODisplayName></BackupInst><BackupInst><GPOGuid><![CDATA[{3C165F13-0899-4051-A820-F2E03F7E08A8}]]></GPOGuid><GPODomain><![CDATA[security.local]]></GPODomain><GPODomainGuid><![CDATA[{2b127034-e676-4f54-b03a-e700e3004cb0}]]></GPODomainGuid><GPODomainController><![CDATA[GPOSrv2016.security.local]]></GPODomainController><BackupTime><![CDATA[2022-03-28T18:30:00]]></BackupTime><ID><![CDATA[{96E48177-F62B-4916-A9DF-9A924FDC70C0}]]></ID><Comment><![CDATA[]]></Comment><GPODisplayName><![CDATA[DoD OneDrive for Business 2016 STIG Computer v2r2]]></GPODisplayName></BackupInst><BackupInst><GPOGuid><![CDATA[{4C34A8B3-6DD5-4747-8F3B-46C04761B00F}]]></GPOGuid><GPODomain><![CDATA[security.local]]></GPODomain><GPODomainGuid><![CDATA[{2b127034-e676-4f54-b03a-e700e3004cb0}]]></GPODomainGuid><GPODomainController><![CDATA[GPOSrv2016.security.local]]></GPODomainController><BackupTime><![CDATA[2022-03-28T18:30:00]]></BackupTime><ID><![CDATA[{AC9D488D-A5AE-43E2-B155-A2272F0495F7}]]></ID><Comment><![CDATA[]]></Comment><GPODisplayName><![CDATA[DoD Office System 2016 STIG User v2r2]]></GPODisplayName></BackupInst><BackupInst><GPOGuid><![CDATA[{A1E29A00-0E2D-496D-919D-76CC0B294087}]]></GPOGuid><GPODomain><![CDATA[security.local]]></GPODomain><GPODomainGuid><![CDATA[{2b127034-e676-4f54-b03a-e700e3004cb0}]]></GPODomainGuid><GPODomainController><![CDATA[GPOSrv2016.security.local]]></GPODomainController><BackupTime><![CDATA[2022-03-28T18:29:59]]></BackupTime><ID><![CDATA[{253E5650-5CFC-4404-97F2-F484936D8C06}]]></ID><Comment><![CDATA[]]></Comment><GPODisplayName><![CDATA[DoD Office System 2016 STIG Computer v2r2]]></GPODisplayName></BackupInst><BackupInst><GPOGuid><![CDATA[{F56989B0-4BE4-46B4-BF4D-53A71C7DA385}]]></GPOGuid><GPODomain><![CDATA[security.local]]></GPODomain><GPODomainGuid><![CDATA[{2b127034-e676-4f54-b03a-e700e3004cb0}]]></GPODomainGuid><GPODomainController><![CDATA[GPOSrv2016.security.local]]></GPODomainController><BackupTime><![CDATA[2022-03-28T18:29:58]]></BackupTime><ID><![CDATA[{FC805CD3-C782-4E81-A996-8BD9B6BFEB55}]]></ID><Comment><![CDATA[]]></Comment><GPODisplayName><![CDATA[DoD Excel 2016 STIG User v1r2]]></GPODisplayName></BackupInst><BackupInst><GPOGuid><![CDATA[{94D8A0EF-5130-43A8-A530-15329370DB78}]]></GPOGuid><GPODomain><![CDATA[security.local]]></GPODomain><GPODomainGuid><![CDATA[{2b127034-e676-4f54-b03a-e700e3004cb0}]]></GPODomainGuid><GPODomainController><![CDATA[GPOSrv2016.security.local]]></GPODomainController><BackupTime><![CDATA[2022-03-28T18:29:58]]></BackupTime><ID><![CDATA[{C63CED50-13B6-453C-9DB6-426771D3B8D7}]]></ID><Comment><![CDATA[]]></Comment><GPODisplayName><![CDATA[DoD Access 2016 STIG User v1r1]]></GPODisplayName></BackupInst></Backups>