<Backups xmlns="http://www.microsoft.com/GroupPolicy/GPOOperations/Manifest" xmlns:mfst="http://www.microsoft.com/GroupPolicy/GPOOperations/Manifest" mfst:version="1.0"><BackupInst><GPOGuid><![CDATA[{7CBAA488-1C47-4A9E-9ED8-F1BB0041FA42}]]></GPOGuid><GPODomain><![CDATA[testing.com]]></GPODomain><GPODomainGuid><![CDATA[{89030bbe-24f1-476f-8561-5998cda70227}]]></GPODomainGuid><GPODomainController><![CDATA[WIN-LHK4PMPKNO4.testing.com]]></GPODomainController><BackupTime><![CDATA[2022-10-07T18:15:34]]></BackupTime><ID><![CDATA[{DE620AC8-43FF-4123-8C7A-B589D92AC5F0}]]></ID><Comment><![CDATA[]]></Comment><GPODisplayName><![CDATA[DoD Office 2019-M365 Apps STIG User v2r7]]></GPODisplayName></BackupInst><BackupInst><GPOGuid><![CDATA[{6BEACA04-AB3F-4BC3-BFC6-85D3E4AD0624}]]></GPOGuid><GPODomain><![CDATA[testing.com]]></GPODomain><GPODomainGuid><![CDATA[{89030bbe-24f1-476f-8561-5998cda70227}]]></GPODomainGuid><GPODomainController><![CDATA[WIN-LHK4PMPKNO4.testing.com]]></GPODomainController><BackupTime><![CDATA[2022-10-07T18:15:34]]></BackupTime><ID><![CDATA[{9D99357A-A462-40DB-A86E-AB358B4CB1AA}]]></ID><Comment><![CDATA[]]></Comment><GPODisplayName><![CDATA[DoD Office 2019-M365 Apps STIG Comp v2r7]]></GPODisplayName></BackupInst></Backups>