{ "primaryOEMPins": [
    {"desktopAppId":"Microsoft.Office.OUTLOOK.EXE.15"},
    {"packagedAppId":"windows.immersivecontrolpanel_cw5n1h2txyewy!microsoft.windows.immersivecontrolpanel"},
    {"desktopAppId":"com.squirrel.Teams.Teams"},
    {"desktopAppId":"Microsoft.SkyDrive.Desktop"}
  ],
  "secondaryOEMPins": [
    {"packagedAppId":"Microsoft.WindowsCalculator_8wekyb3d8bbwe!App"},
    {"packagedAppId":"Microsoft.WindowsAlarms_8wekyb3d8bbwe!App"},
    {"packagedAppId":"Microsoft.ScreenSketch_8wekyb3d8bbwe!App"},
    {"packagedAppId":"Microsoft.WindowsTerminal_8wekyb3d8bbwe!App"}
  ],
  "firstRunOEMPins": [
  ]
}