<Backups xmlns="http://www.microsoft.com/GroupPolicy/GPOOperations/Manifest" xmlns:mfst="http://www.microsoft.com/GroupPolicy/GPOOperations/Manifest" mfst:version="1.0"><BackupInst><GPOGuid><![CDATA[{606ADC98-8560-482D-AEEB-F1216A3516FB}]]></GPOGuid><GPODomain><![CDATA[AFECMO.mil]]></GPODomain><GPODomainGuid><![CDATA[{eab3a5b0-794f-4538-9755-bd81bc60edc0}]]></GPODomainGuid><GPODomainController><![CDATA[DC-LAB-01.AFECMO.mil]]></GPODomainController><BackupTime><![CDATA[2018-06-28T15:52:51]]></BackupTime><ID><![CDATA[{6BA979FC-1079-408B-BC76-67B6CB635C35}]]></ID><Comment><![CDATA[]]></Comment><GPODisplayName><![CDATA[-- Test ---- SHB Server 2016 Core FW]]></GPODisplayName></BackupInst></Backups>