<Backups xmlns="http://www.microsoft.com/GroupPolicy/GPOOperations/Manifest" xmlns:mfst="http://www.microsoft.com/GroupPolicy/GPOOperations/Manifest" mfst:version="1.0"><BackupInst><GPOGuid><![CDATA[{31DD8B50-6C93-49C4-9465-543C6C652F09}]]></GPOGuid><GPODomain><![CDATA[testing.com]]></GPODomain><GPODomainGuid><![CDATA[{89030bbe-24f1-476f-8561-5998cda70227}]]></GPODomainGuid><GPODomainController><![CDATA[WIN-LHK4PMPKNO4.testing.com]]></GPODomainController><BackupTime><![CDATA[2022-10-09T21:22:35]]></BackupTime><ID><![CDATA[{5B6ED1AF-0207-4057-B592-9CF088A1F3FC}]]></ID><Comment><![CDATA[]]></Comment><GPODisplayName><![CDATA[Local Policy DoD WinSvr 2019 MS STIG Comp v2r5]]></GPODisplayName></BackupInst><BackupInst><GPOGuid><![CDATA[{6206F4E0-1E01-45F2-B27C-38D96A498631}]]></GPOGuid><GPODomain><![CDATA[testing.com]]></GPODomain><GPODomainGuid><![CDATA[{89030bbe-24f1-476f-8561-5998cda70227}]]></GPODomainGuid><GPODomainController><![CDATA[WIN-LHK4PMPKNO4.testing.com]]></GPODomainController><BackupTime><![CDATA[2022-10-09T21:22:34]]></BackupTime><ID><![CDATA[{60552CA4-AA12-4B3A-BE19-CB263A19054D}]]></ID><Comment><![CDATA[]]></Comment><GPODisplayName><![CDATA[Local Policy DoD WinSvr 2019 MS STIG User v2r5]]></GPODisplayName></BackupInst></Backups>