<BackupInst xmlns="http://www.microsoft.com/GroupPolicy/GPOOperations/Manifest"><GPOGuid><![CDATA[{606ADC98-8560-482D-AEEB-F1216A3516FB}]]></GPOGuid><GPODomain><![CDATA[AFECMO.mil]]></GPODomain><GPODomainGuid><![CDATA[{eab3a5b0-794f-4538-9755-bd81bc60edc0}]]></GPODomainGuid><GPODomainController><![CDATA[DC-LAB-01.AFECMO.mil]]></GPODomainController><BackupTime><![CDATA[2018-07-03T13:48:36]]></BackupTime><ID><![CDATA[{64B845C2-350B-445E-9F9F-92C3623A8945}]]></ID><Comment><![CDATA[]]></Comment><GPODisplayName><![CDATA[LGPO -- Build -- Post STIG -- RDP FW Exceptions (SHB Server 2016 Core Only)]]></GPODisplayName></BackupInst>
