<BackupInst xmlns="http://www.microsoft.com/GroupPolicy/GPOOperations/Manifest"><GPOGuid><![CDATA[{C58E03D0-85DC-4FB2-95DF-026CE7F6441D}]]></GPOGuid><GPODomain><![CDATA[security.local]]></GPODomain><GPODomainGuid><![CDATA[{2b127034-e676-4f54-b03a-e700e3004cb0}]]></GPODomainGuid><GPODomainController><![CDATA[GPOSrv2016.security.local]]></GPODomainController><BackupTime><![CDATA[2022-03-28T18:30:05]]></BackupTime><ID><![CDATA[{4645D4F4-6E37-4C02-844F-76A5E691B91C}]]></ID><Comment><![CDATA[]]></Comment><GPODisplayName><![CDATA[DoD Word 2016 STIG User v1r1]]></GPODisplayName></BackupInst>
