<BackupInst xmlns="http://www.microsoft.com/GroupPolicy/GPOOperations/Manifest"><GPOGuid><![CDATA[{4C34A8B3-6DD5-4747-8F3B-46C04761B00F}]]></GPOGuid><GPODomain><![CDATA[security.local]]></GPODomain><GPODomainGuid><![CDATA[{2b127034-e676-4f54-b03a-e700e3004cb0}]]></GPODomainGuid><GPODomainController><![CDATA[GPOSrv2016.security.local]]></GPODomainController><BackupTime><![CDATA[2022-03-28T18:30:00]]></BackupTime><ID><![CDATA[{AC9D488D-A5AE-43E2-B155-A2272F0495F7}]]></ID><Comment><![CDATA[]]></Comment><GPODisplayName><![CDATA[DoD Office System 2016 STIG User v2r2]]></GPODisplayName></BackupInst>
