<BackupInst xmlns="http://www.microsoft.com/GroupPolicy/GPOOperations/Manifest"><GPOGuid><![CDATA[{E53980D2-18B3-4B64-BC38-2143A873FCA7}]]></GPOGuid><GPODomain><![CDATA[testing.com]]></GPODomain><GPODomainGuid><![CDATA[{89030bbe-24f1-476f-8561-5998cda70227}]]></GPODomainGuid><GPODomainController><![CDATA[WIN-LHK4PMPKNO4.testing.com]]></GPODomainController><BackupTime><![CDATA[2022-10-07T18:34:07]]></BackupTime><ID><![CDATA[{CBBF39EF-8154-4655-B298-06F3E9005026}]]></ID><Comment><![CDATA[]]></Comment><GPODisplayName><![CDATA[DoD Internet Explorer 11 STIG User v2r3]]></GPODisplayName></BackupInst>
