<BackupInst xmlns="http://www.microsoft.com/GroupPolicy/GPOOperations/Manifest"><GPOGuid><![CDATA[{FFFB4E5D-7CAD-4B06-9A1D-9F479BF52B5D}]]></GPOGuid><GPODomain><![CDATA[simple.com]]></GPODomain><GPODomainGuid><![CDATA[{a9edf9a0-9d3b-4848-a49e-56a3c7ae0a2b}]]></GPODomainGuid><GPODomainController><![CDATA[testdc.simple.com]]></GPODomainController><BackupTime><![CDATA[2022-10-07T21:17:33]]></BackupTime><ID><![CDATA[{8631FAF9-2372-40EF-8FA5-A1B5E8F0BFA4}]]></ID><Comment><![CDATA[]]></Comment><GPODisplayName><![CDATA[Local Policy DoD WinSvr 2012 R2 MS STIG User v3r5]]></GPODisplayName></BackupInst>
