<Backups xmlns="http://www.microsoft.com/GroupPolicy/GPOOperations/Manifest" xmlns:mfst="http://www.microsoft.com/GroupPolicy/GPOOperations/Manifest" mfst:version="1.0"><BackupInst><GPOGuid><![CDATA[{3C541912-2ECA-4BD3-9375-BA73D81592E2}]]></GPOGuid><GPODomain><![CDATA[AFECMO.mil]]></GPODomain><GPODomainGuid><![CDATA[{eab3a5b0-794f-4538-9755-bd81bc60edc0}]]></GPODomainGuid><GPODomainController><![CDATA[DC-LAB-01.AFECMO.mil]]></GPODomainController><BackupTime><![CDATA[2018-04-17T15:46:35]]></BackupTime><ID><![CDATA[{92006BFE-F949-4F1A-A83D-1C4326FE3781}]]></ID><Comment><![CDATA[]]></Comment><GPODisplayName><![CDATA[LGPO -- Optional -- HVCI (Enabled with UEFI Lock)]]></GPODisplayName></BackupInst></Backups>