<Backups xmlns="http://www.microsoft.com/GroupPolicy/GPOOperations/Manifest" xmlns:mfst="http://www.microsoft.com/GroupPolicy/GPOOperations/Manifest" mfst:version="1.0"><BackupInst><GPOGuid><![CDATA[{CF2F8D1A-546B-4EF6-9BFF-668CCA1D9670}]]></GPOGuid><GPODomain><![CDATA[AFECMO.mil]]></GPODomain><GPODomainGuid><![CDATA[{eab3a5b0-794f-4538-9755-bd81bc60edc0}]]></GPODomainGuid><GPODomainController><![CDATA[DC-LAB-01.AFECMO.mil]]></GPODomainController><BackupTime><![CDATA[2018-04-17T16:32:33]]></BackupTime><ID><![CDATA[{F3520694-585D-43EF-84F1-98CD0DEFB915}]]></ID><Comment><![CDATA[]]></Comment><GPODisplayName><![CDATA[LGPO -- Optional -- Trusted Sites (.gov)]]></GPODisplayName></BackupInst></Backups>